LocationId,order_year,order_month,order_date,order_hour,order_min,order_sec,ordersize,itemscount,pendingorderscount,pendingorderssize,pendingorderitems,bumptime
0714a783-6cb8-4d9b-8679-d7924cde08f6,2023,2,6,15,50,10,4,1,1,4,1,59819
0714a783-6cb8-4d9b-8679-d7924cde08f6,2023,4,19,4,36,5,4,1,0,0,0,21235
0714a783-6cb8-4d9b-8679-d7924cde08f6,2023,5,28,23,49,34,4,1,0,0,0,38426
0714a783-6cb8-4d9b-8679-d7924cde08f6,2023,5,29,10,5,5,4,1,0,0,0,1495
256ebdd5-38d7-406e-953b-03e53ebc14c4,2023,6,29,13,40,50,4,1,1,4,1,74952
256ebdd5-38d7-406e-953b-03e53ebc14c4,2023,6,29,16,50,6,4,1,1,4,1,63596
256ebdd5-38d7-406e-953b-03e53ebc14c4,2023,6,29,16,50,6,4,1,3,12,3,63596
0714a783-6cb8-4d9b-8679-d7924cde08f6,2022,12,27,5,40,24,6.5,1,0,0,0,35
0714a783-6cb8-4d9b-8679-d7924cde08f6,2022,12,27,12,50,8,4,1,0,0,0,37493
0714a783-6cb8-4d9b-8679-d7924cde08f6,2022,12,27,12,50,8,4,1,0,0,0,37493
0714a783-6cb8-4d9b-8679-d7924cde08f6,2022,12,27,12,50,8,4,1,0,0,0,37493
0714a783-6cb8-4d9b-8679-d7924cde08f6,2022,12,27,12,50,8,4,1,0,0,0,37493
0714a783-6cb8-4d9b-8679-d7924cde08f6,2022,12,27,12,50,8,4,1,0,0,0,37493
0714a783-6cb8-4d9b-8679-d7924cde08f6,2022,12,27,12,50,8,4,1,0,0,0,37493
0714a783-6cb8-4d9b-8679-d7924cde08f6,2022,12,27,12,50,8,4,1,0,0,0,37493
0714a783-6cb8-4d9b-8679-d7924cde08f6,2023,2,6,15,50,10,4,1,5,20,5,59819
0714a783-6cb8-4d9b-8679-d7924cde08f6,2023,4,19,5,28,57,4,1,0,0,0,18063
0714a783-6cb8-4d9b-8679-d7924cde08f6,2023,4,19,6,25,19,4,1,0,0,0,14681
0714a783-6cb8-4d9b-8679-d7924cde08f6,2023,5,8,5,3,14,4,1,0,0,0,19606
0714a783-6cb8-4d9b-8679-d7924cde08f6,2022,12,27,12,50,8,4,1,0,0,0,37493
0714a783-6cb8-4d9b-8679-d7924cde08f6,2022,12,27,12,50,8,4,1,0,0,0,37493
0714a783-6cb8-4d9b-8679-d7924cde08f6,2022,12,27,12,50,8,4,1,0,0,0,37493
0714a783-6cb8-4d9b-8679-d7924cde08f6,2022,12,27,12,50,8,4,1,0,0,0,37493
0714a783-6cb8-4d9b-8679-d7924cde08f6,2022,12,27,12,50,8,4,1,0,0,0,37493
0714a783-6cb8-4d9b-8679-d7924cde08f6,2023,2,6,15,50,10,4,1,3,12,3,59819
0714a783-6cb8-4d9b-8679-d7924cde08f6,2023,4,19,16,50,7,4,1,0,0,0,63594
0714a783-6cb8-4d9b-8679-d7924cde08f6,2022,12,28,12,50,5,4,1,0,0,0,37496
0714a783-6cb8-4d9b-8679-d7924cde08f6,2022,12,28,12,50,5,4,1,0,0,0,37496
0714a783-6cb8-4d9b-8679-d7924cde08f6,2023,1,3,12,50,9,4,1,0,0,0,37491
0714a783-6cb8-4d9b-8679-d7924cde08f6,2023,1,3,23,16,7,3,1,0,0,0,0
0714a783-6cb8-4d9b-8679-d7924cde08f6,2023,1,6,12,50,7,4,1,0,0,0,37493
0714a783-6cb8-4d9b-8679-d7924cde08f6,2023,1,6,12,50,7,4,1,0,0,0,37494
0714a783-6cb8-4d9b-8679-d7924cde08f6,2023,2,6,15,50,10,4,1,2,8,2,59819
0714a783-6cb8-4d9b-8679-d7924cde08f6,2023,4,19,16,50,7,4,1,0,0,0,63593
0714a783-6cb8-4d9b-8679-d7924cde08f6,2023,4,19,16,50,7,4,1,0,0,0,63594
0714a783-6cb8-4d9b-8679-d7924cde08f6,2023,5,8,6,33,47,4,1,1,4,1,14173
0714a783-6cb8-4d9b-8679-d7924cde08f6,2023,5,28,23,57,55,4,1,0,0,0,37925
256ebdd5-38d7-406e-953b-03e53ebc14c4,2023,6,30,16,50,1,4,1,0,0,0,63601
0714a783-6cb8-4d9b-8679-d7924cde08f6,2023,1,6,12,50,7,4,1,0,0,0,37494
0714a783-6cb8-4d9b-8679-d7924cde08f6,2023,1,6,12,50,7,4,1,0,0,0,37493
0714a783-6cb8-4d9b-8679-d7924cde08f6,2023,1,6,12,50,7,4,1,0,0,0,37494
0714a783-6cb8-4d9b-8679-d7924cde08f6,2023,1,24,15,50,7,4,1,0,0,0,37493
0714a783-6cb8-4d9b-8679-d7924cde08f6,2023,2,6,15,50,10,4,1,0,0,0,59819
0714a783-6cb8-4d9b-8679-d7924cde08f6,2023,4,19,16,50,7,4,1,0,0,0,63594
256ebdd5-38d7-406e-953b-03e53ebc14c4,2023,6,30,16,50,1,4,1,0,0,0,63601
256ebdd5-38d7-406e-953b-03e53ebc14c4,2023,7,12,16,50,7,4,1,0,0,0,67195
256ebdd5-38d7-406e-953b-03e53ebc14c4,2023,7,12,16,50,7,4,1,0,0,0,67195
256ebdd5-38d7-406e-953b-03e53ebc14c4,2023,7,20,16,50,7,4,1,5,20,5,365180
256ebdd5-38d7-406e-953b-03e53ebc14c4,2023,7,20,4,1,32,4,1,0,0,0,411295
256ebdd5-38d7-406e-953b-03e53ebc14c4,2023,7,20,16,50,7,4,1,2,8,2,365180
256ebdd5-38d7-406e-953b-03e53ebc14c4,2023,7,24,16,50,6,4,1,16,64,16,19581
0714a783-6cb8-4d9b-8679-d7924cde08f6,2023,1,24,15,50,7,4,1,0,0,0,37493
0714a783-6cb8-4d9b-8679-d7924cde08f6,2023,2,6,23,50,24,4,1,0,0,0,31005
0714a783-6cb8-4d9b-8679-d7924cde08f6,2023,2,21,3,19,17,4,1,0,0,0,29444
0714a783-6cb8-4d9b-8679-d7924cde08f6,2023,4,19,16,50,7,4,1,0,0,0,63594
0714a783-6cb8-4d9b-8679-d7924cde08f6,2023,4,19,16,50,7,4,1,0,0,0,63594
0714a783-6cb8-4d9b-8679-d7924cde08f6,2023,5,8,16,50,2,4,1,1,4,1,63598
0714a783-6cb8-4d9b-8679-d7924cde08f6,2023,5,8,16,50,2,4,1,1,4,1,63598
0714a783-6cb8-4d9b-8679-d7924cde08f6,2023,5,8,16,50,2,4,1,1,4,1,63598
0714a783-6cb8-4d9b-8679-d7924cde08f6,2023,5,8,22,9,52,4,1,0,0,0,44409
256ebdd5-38d7-406e-953b-03e53ebc14c4,2023,6,30,16,50,1,4,1,0,0,0,63600
256ebdd5-38d7-406e-953b-03e53ebc14c4,2023,6,30,16,50,1,4,1,0,0,0,63601
256ebdd5-38d7-406e-953b-03e53ebc14c4,2023,7,12,16,50,7,4,1,0,0,0,67195
256ebdd5-38d7-406e-953b-03e53ebc14c4,2023,7,12,16,50,7,4,1,0,0,0,67195
256ebdd5-38d7-406e-953b-03e53ebc14c4,2023,7,12,16,50,7,4,1,0,0,0,67195
256ebdd5-38d7-406e-953b-03e53ebc14c4,2023,7,13,0,9,20,4,1,0,0,0,40842
256ebdd5-38d7-406e-953b-03e53ebc14c4,2023,8,23,16,50,2,4,1,0,0,0,67199
0714a783-6cb8-4d9b-8679-d7924cde08f6,2023,1,9,12,50,3,4,1,1,4,1,37498
0714a783-6cb8-4d9b-8679-d7924cde08f6,2023,1,9,12,50,3,4,1,1,4,1,37498
0714a783-6cb8-4d9b-8679-d7924cde08f6,2023,1,9,3,42,10,4,1,0,0,0,70371
0714a783-6cb8-4d9b-8679-d7924cde08f6,2023,1,24,21,20,13,4,1,0,0,0,17687
0714a783-6cb8-4d9b-8679-d7924cde08f6,2023,1,24,21,49,45,4,1,0,0,0,15915
0714a783-6cb8-4d9b-8679-d7924cde08f6,2023,2,7,15,50,2,4,1,0,0,0,70798
0714a783-6cb8-4d9b-8679-d7924cde08f6,2023,5,8,16,50,2,4,1,1,4,1,63598
256ebdd5-38d7-406e-953b-03e53ebc14c4,2023,7,25,8,18,27,4,1,0,0,0,11493
256ebdd5-38d7-406e-953b-03e53ebc14c4,2023,8,23,16,50,2,4,1,0,0,0,67199
256ebdd5-38d7-406e-953b-03e53ebc14c4,2023,8,24,0,46,17,4,1,0,0,0,38624
0714a783-6cb8-4d9b-8679-d7924cde08f6,2023,1,25,15,50,9,4,1,0,0,0,71058
0714a783-6cb8-4d9b-8679-d7924cde08f6,2023,1,25,15,50,9,4,1,0,0,0,71058
0714a783-6cb8-4d9b-8679-d7924cde08f6,2023,2,7,15,50,2,4,1,0,0,0,70798
0714a783-6cb8-4d9b-8679-d7924cde08f6,2023,2,8,6,58,31,4,1,0,0,0,16289
0714a783-6cb8-4d9b-8679-d7924cde08f6,2023,5,8,16,50,2,4,1,1,4,1,63598
256ebdd5-38d7-406e-953b-03e53ebc14c4,2023,7,4,2,27,10,4,1,0,0,0,0
256ebdd5-38d7-406e-953b-03e53ebc14c4,2023,7,25,16,50,0,4,1,1,4,1,454917
256ebdd5-38d7-406e-953b-03e53ebc14c4,2023,8,24,1,23,28,4,1,0,0,0,36393
0714a783-6cb8-4d9b-8679-d7924cde08f6,2023,1,10,23,58,31,4,1,0,0,0,0
0714a783-6cb8-4d9b-8679-d7924cde08f6,2023,1,25,15,50,9,4,1,0,0,0,71058
0714a783-6cb8-4d9b-8679-d7924cde08f6,2023,1,25,15,50,9,12.5,2,0,0,0,71058
0714a783-6cb8-4d9b-8679-d7924cde08f6,2023,2,7,15,50,2,4,1,0,0,0,70798
0714a783-6cb8-4d9b-8679-d7924cde08f6,2023,4,24,16,50,4,4,1,0,0,0,63596
0714a783-6cb8-4d9b-8679-d7924cde08f6,2023,4,24,16,50,4,4,1,0,0,0,63596
0714a783-6cb8-4d9b-8679-d7924cde08f6,2023,4,24,16,50,4,4,1,0,0,0,63596
0714a783-6cb8-4d9b-8679-d7924cde08f6,2023,4,24,16,50,4,4,1,0,0,0,63596
0714a783-6cb8-4d9b-8679-d7924cde08f6,2023,5,8,16,50,2,4,1,1,4,1,63598
0714a783-6cb8-4d9b-8679-d7924cde08f6,2023,5,8,11,22,1,4,1,0,0,0,83279
256ebdd5-38d7-406e-953b-03e53ebc14c4,2023,7,13,16,50,8,4,1,0,0,0,67193
256ebdd5-38d7-406e-953b-03e53ebc14c4,2023,7,25,16,50,0,4,1,0,0,0,454917
256ebdd5-38d7-406e-953b-03e53ebc14c4,2023,8,24,16,50,0,4,1,0,0,0,67200
256ebdd5-38d7-406e-953b-03e53ebc14c4,2023,8,24,16,50,0,4,1,0,0,0,67200
0714a783-6cb8-4d9b-8679-d7924cde08f6,2023,1,10,23,58,31,4,1,0,0,0,0
0714a783-6cb8-4d9b-8679-d7924cde08f6,2023,4,24,16,50,4,4,1,0,0,0,63596
0714a783-6cb8-4d9b-8679-d7924cde08f6,2023,4,24,16,50,4,4,1,0,0,0,63596
0714a783-6cb8-4d9b-8679-d7924cde08f6,2023,4,24,16,50,4,4,1,0,0,0,63596
0714a783-6cb8-4d9b-8679-d7924cde08f6,2023,4,24,16,50,4,4,1,0,0,0,63596
0714a783-6cb8-4d9b-8679-d7924cde08f6,2023,4,24,16,50,4,4,1,0,0,0,63596
0714a783-6cb8-4d9b-8679-d7924cde08f6,2023,4,24,16,50,4,4,1,0,0,0,63596
0714a783-6cb8-4d9b-8679-d7924cde08f6,2023,4,24,22,44,35,4,1,0,0,0,42325
0714a783-6cb8-4d9b-8679-d7924cde08f6,2023,4,24,16,50,4,4,1,0,0,0,63596
0714a783-6cb8-4d9b-8679-d7924cde08f6,2023,4,25,0,40,40,4,1,0,0,0,35360
0714a783-6cb8-4d9b-8679-d7924cde08f6,2023,5,9,16,50,5,4,1,0,0,0,63595
0714a783-6cb8-4d9b-8679-d7924cde08f6,2023,1,10,23,58,31,4,1,0,0,0,0
0714a783-6cb8-4d9b-8679-d7924cde08f6,2023,1,26,15,50,6,4,1,1,4,1,70794
0714a783-6cb8-4d9b-8679-d7924cde08f6,2023,2,8,15,50,3,4,1,0,0,0,70797
0714a783-6cb8-4d9b-8679-d7924cde08f6,2023,4,25,16,50,8,4,1,0,0,0,63592
0714a783-6cb8-4d9b-8679-d7924cde08f6,2023,4,25,16,50,9,4,1,0,0,0,63591
0714a783-6cb8-4d9b-8679-d7924cde08f6,2023,5,9,16,50,5,4,1,0,0,0,63595
256ebdd5-38d7-406e-953b-03e53ebc14c4,2023,7,4,16,50,5,4,1,1,4,1,18820
256ebdd5-38d7-406e-953b-03e53ebc14c4,2023,7,4,3,35,29,4,1,0,0,0,66496
256ebdd5-38d7-406e-953b-03e53ebc14c4,2023,7,13,16,50,8,4,1,0,0,0,67194
256ebdd5-38d7-406e-953b-03e53ebc14c4,2023,7,13,16,50,8,4,1,0,0,0,67194
256ebdd5-38d7-406e-953b-03e53ebc14c4,2023,7,13,16,50,8,4,1,0,0,0,67194
256ebdd5-38d7-406e-953b-03e53ebc14c4,2023,7,14,4,3,48,4,1,0,0,0,26774
256ebdd5-38d7-406e-953b-03e53ebc14c4,2023,7,14,4,8,38,4,1,0,0,0,26484
256ebdd5-38d7-406e-953b-03e53ebc14c4,2023,7,14,6,0,1,4,1,0,0,0,19801
256ebdd5-38d7-406e-953b-03e53ebc14c4,2023,8,24,16,50,0,4,1,0,0,0,67200
256ebdd5-38d7-406e-953b-03e53ebc14c4,2023,8,24,16,50,0,4,1,0,0,0,67200
0714a783-6cb8-4d9b-8679-d7924cde08f6,2023,1,10,23,58,31,4,1,0,0,0,0
0714a783-6cb8-4d9b-8679-d7924cde08f6,2023,1,26,15,50,6,4,1,1,4,1,70795
0714a783-6cb8-4d9b-8679-d7924cde08f6,2023,1,26,12,36,5,4,1,0,0,0,82436
0714a783-6cb8-4d9b-8679-d7924cde08f6,2023,2,8,15,50,3,4,1,0,0,0,70797
0714a783-6cb8-4d9b-8679-d7924cde08f6,2023,4,25,16,50,9,4,1,0,0,0,63592
0714a783-6cb8-4d9b-8679-d7924cde08f6,2023,4,25,16,50,9,4,1,0,0,0,63592
0714a783-6cb8-4d9b-8679-d7924cde08f6,2023,4,25,16,50,9,4,1,0,0,0,63592
0714a783-6cb8-4d9b-8679-d7924cde08f6,2023,4,25,16,50,9,4,1,0,0,0,63592
0714a783-6cb8-4d9b-8679-d7924cde08f6,2023,2,9,2,13,4,4,1,0,0,0,33416
0714a783-6cb8-4d9b-8679-d7924cde08f6,2023,2,21,15,50,8,4,1,0,0,0,67192
0714a783-6cb8-4d9b-8679-d7924cde08f6,2023,4,26,16,50,9,4,1,0,0,0,63591
0714a783-6cb8-4d9b-8679-d7924cde08f6,2023,5,29,16,50,2,4,1,1,4,1,63598
0714a783-6cb8-4d9b-8679-d7924cde08f6,2023,5,29,17,58,35,4,1,0,0,0,59486
256ebdd5-38d7-406e-953b-03e53ebc14c4,2023,7,4,16,50,5,4,1,1,4,1,18820
256ebdd5-38d7-406e-953b-03e53ebc14c4,2023,7,14,16,50,0,4,1,0,0,0,67202
256ebdd5-38d7-406e-953b-03e53ebc14c4,2023,7,14,16,50,0,4,1,0,0,0,67202
256ebdd5-38d7-406e-953b-03e53ebc14c4,2023,7,31,0,6,1,4,1,0,0,0,41039
0714a783-6cb8-4d9b-8679-d7924cde08f6,2023,2,9,15,50,4,4,1,0,0,0,70796
0714a783-6cb8-4d9b-8679-d7924cde08f6,2023,2,9,15,50,4,4,1,0,0,0,70796
0714a783-6cb8-4d9b-8679-d7924cde08f6,2023,2,21,15,50,8,4,1,0,0,0,67192
0714a783-6cb8-4d9b-8679-d7924cde08f6,2023,4,26,16,50,9,4,1,0,0,0,63591
0714a783-6cb8-4d9b-8679-d7924cde08f6,2023,4,26,16,50,9,4,1,0,0,0,63591
0714a783-6cb8-4d9b-8679-d7924cde08f6,2023,4,26,16,50,9,4,1,0,0,0,63591
0714a783-6cb8-4d9b-8679-d7924cde08f6,2023,4,26,16,50,9,4,1,0,0,0,63591
0714a783-6cb8-4d9b-8679-d7924cde08f6,2023,4,26,16,50,9,4,1,0,0,0,63591
0714a783-6cb8-4d9b-8679-d7924cde08f6,2023,4,26,16,50,9,4,1,0,0,0,63591
0714a783-6cb8-4d9b-8679-d7924cde08f6,2023,5,12,3,46,56,4,1,0,0,0,24184
0714a783-6cb8-4d9b-8679-d7924cde08f6,2023,5,29,16,50,2,4,1,1,4,1,63598
0714a783-6cb8-4d9b-8679-d7924cde08f6,2023,5,29,16,50,2,4,1,1,4,1,63598
0714a783-6cb8-4d9b-8679-d7924cde08f6,2023,5,29,16,50,2,4,1,1,4,1,63598
0714a783-6cb8-4d9b-8679-d7924cde08f6,2023,5,29,16,50,2,4,1,1,4,1,63598
0714a783-6cb8-4d9b-8679-d7924cde08f6,2023,5,29,16,50,2,4,1,1,4,1,63598
0714a783-6cb8-4d9b-8679-d7924cde08f6,2023,5,29,16,50,2,4,1,1,4,1,63598
0714a783-6cb8-4d9b-8679-d7924cde08f6,2023,5,29,16,50,2,4,1,1,4,1,63598
0714a783-6cb8-4d9b-8679-d7924cde08f6,2023,5,29,12,15,3,4,1,0,0,0,80097
0714a783-6cb8-4d9b-8679-d7924cde08f6,2023,5,30,0,15,37,4,1,0,0,0,36864
0714a783-6cb8-4d9b-8679-d7924cde08f6,2023,5,30,1,27,9,4,1,0,0,0,32572
0714a783-6cb8-4d9b-8679-d7924cde08f6,2023,5,30,2,49,37,4,1,0,0,0,27624
0714a783-6cb8-4d9b-8679-d7924cde08f6,2023,6,20,16,50,4,4,1,0,0,0,112014
256ebdd5-38d7-406e-953b-03e53ebc14c4,2023,7,14,16,50,0,4,1,0,0,0,67202
256ebdd5-38d7-406e-953b-03e53ebc14c4,2023,7,31,0,14,41,4,1,0,0,0,40519
0714a783-6cb8-4d9b-8679-d7924cde08f6,2023,2,21,21,42,31,4,1,0,0,0,46049
0714a783-6cb8-4d9b-8679-d7924cde08f6,2023,2,22,1,48,0,4,1,0,0,0,31320
0714a783-6cb8-4d9b-8679-d7924cde08f6,2023,2,22,1,48,0,4,1,0,0,0,31320
0714a783-6cb8-4d9b-8679-d7924cde08f6,2023,2,22,2,48,6,4,1,0,0,0,27714
0714a783-6cb8-4d9b-8679-d7924cde08f6,2023,2,22,4,7,48,4,1,0,0,0,22932
0714a783-6cb8-4d9b-8679-d7924cde08f6,2023,5,12,16,50,7,4,1,0,0,0,63594
256ebdd5-38d7-406e-953b-03e53ebc14c4,2023,7,14,16,50,0,4,1,0,0,0,67202
256ebdd5-38d7-406e-953b-03e53ebc14c4,2023,7,31,16,50,0,4,1,0,0,0,67200
0714a783-6cb8-4d9b-8679-d7924cde08f6,2023,1,30,4,10,32,4,1,0,0,0,26368
0714a783-6cb8-4d9b-8679-d7924cde08f6,2023,1,30,5,11,4,4,1,0,0,0,22736
0714a783-6cb8-4d9b-8679-d7924cde08f6,2023,1,30,5,16,34,4,1,0,0,0,22406
0714a783-6cb8-4d9b-8679-d7924cde08f6,2023,2,14,23,17,31,4,1,0,0,0,43949
0714a783-6cb8-4d9b-8679-d7924cde08f6,2023,2,22,15,50,3,4,1,0,0,0,67198
0714a783-6cb8-4d9b-8679-d7924cde08f6,2023,2,22,15,50,3,4,1,0,0,0,67198
0714a783-6cb8-4d9b-8679-d7924cde08f6,2023,2,22,15,50,3,4,1,0,0,0,67198
0714a783-6cb8-4d9b-8679-d7924cde08f6,2023,2,22,15,50,3,4,1,0,0,0,67198
0714a783-6cb8-4d9b-8679-d7924cde08f6,2023,2,22,15,50,3,4,1,0,0,0,67198
0714a783-6cb8-4d9b-8679-d7924cde08f6,2023,2,22,15,50,3,4,1,0,0,0,67198
0714a783-6cb8-4d9b-8679-d7924cde08f6,2023,2,14,15,50,0,4,1,0,0,0,70800
0714a783-6cb8-4d9b-8679-d7924cde08f6,2023,2,22,15,50,3,4,1,0,0,0,67198
0714a783-6cb8-4d9b-8679-d7924cde08f6,2023,2,22,15,50,3,4,1,0,0,0,67198
0714a783-6cb8-4d9b-8679-d7924cde08f6,2023,2,22,15,50,3,4,1,0,0,0,67198
0714a783-6cb8-4d9b-8679-d7924cde08f6,2023,2,22,15,50,3,4,1,0,0,0,67198
0714a783-6cb8-4d9b-8679-d7924cde08f6,2023,2,22,15,50,3,4,1,0,0,0,67198
0714a783-6cb8-4d9b-8679-d7924cde08f6,2023,4,28,0,29,59,4,1,0,0,0,36001
0714a783-6cb8-4d9b-8679-d7924cde08f6,2023,5,12,16,50,7,4,1,0,0,0,63593
256ebdd5-38d7-406e-953b-03e53ebc14c4,2023,7,14,16,50,0,4,1,0,0,0,67202
256ebdd5-38d7-406e-953b-03e53ebc14c4,2023,7,31,16,50,0,4,1,0,0,0,67200
256ebdd5-38d7-406e-953b-03e53ebc14c4,2023,7,31,16,50,0,4,1,0,0,0,67200
256ebdd5-38d7-406e-953b-03e53ebc14c4,2023,7,31,16,50,0,4,1,0,0,0,67200
0714a783-6cb8-4d9b-8679-d7924cde08f6,2023,1,30,15,50,0,4,1,0,0,0,70800
0714a783-6cb8-4d9b-8679-d7924cde08f6,2023,1,30,15,50,0,4,1,0,0,0,70800
0714a783-6cb8-4d9b-8679-d7924cde08f6,2023,2,14,15,50,0,4,1,0,0,0,70800
0714a783-6cb8-4d9b-8679-d7924cde08f6,2023,2,22,15,50,3,4,1,0,0,0,67198
0714a783-6cb8-4d9b-8679-d7924cde08f6,2023,4,28,16,50,9,4,1,0,0,0,63592
0714a783-6cb8-4d9b-8679-d7924cde08f6,2023,5,12,16,50,7,4,1,0,0,0,63594
256ebdd5-38d7-406e-953b-03e53ebc14c4,2023,7,14,16,50,0,4,1,0,0,0,67202
0714a783-6cb8-4d9b-8679-d7924cde08f6,2023,1,30,15,50,0,4,1,0,0,0,70800
0714a783-6cb8-4d9b-8679-d7924cde08f6,2023,1,30,15,50,0,4,1,0,0,0,70800
0714a783-6cb8-4d9b-8679-d7924cde08f6,2023,1,30,15,50,0,4,1,0,0,0,70800
0714a783-6cb8-4d9b-8679-d7924cde08f6,2023,4,28,16,50,9,4,1,0,0,0,63592
0714a783-6cb8-4d9b-8679-d7924cde08f6,2023,5,30,16,50,6,4,1,8,32,8,63594
256ebdd5-38d7-406e-953b-03e53ebc14c4,2023,7,7,6,54,2,4,1,0,0,0,16560
256ebdd5-38d7-406e-953b-03e53ebc14c4,2023,8,3,0,10,55,4,1,0,0,0,40745
0714a783-6cb8-4d9b-8679-d7924cde08f6,2023,1,30,15,50,0,4,1,0,0,0,70800
0714a783-6cb8-4d9b-8679-d7924cde08f6,2023,1,30,21,51,1,4,1,0,0,0,49139
0714a783-6cb8-4d9b-8679-d7924cde08f6,2023,5,30,16,50,6,4,1,9,36,9,63594
0714a783-6cb8-4d9b-8679-d7924cde08f6,2023,5,30,16,50,6,4,1,4,16,4,63594
0714a783-6cb8-4d9b-8679-d7924cde08f6,2023,5,30,16,50,6,4,1,1,4,1,63594
0714a783-6cb8-4d9b-8679-d7924cde08f6,2023,5,30,16,50,6,4,1,0,0,0,63594
256ebdd5-38d7-406e-953b-03e53ebc14c4,2023,7,7,4,58,28,4,1,0,0,0,23494
256ebdd5-38d7-406e-953b-03e53ebc14c4,2023,7,17,6,26,4,4,1,0,0,0,18238
0714a783-6cb8-4d9b-8679-d7924cde08f6,2023,1,11,12,50,5,4,1,0,0,0,37495
0714a783-6cb8-4d9b-8679-d7924cde08f6,2023,1,31,15,50,5,4,1,0,0,0,70795
0714a783-6cb8-4d9b-8679-d7924cde08f6,2023,5,30,16,50,6,4,1,10,40,10,63594
0714a783-6cb8-4d9b-8679-d7924cde08f6,2023,6,21,23,58,33,4,1,0,0,0,37898
256ebdd5-38d7-406e-953b-03e53ebc14c4,2023,7,7,7,5,38,4,1,0,0,0,15864
0714a783-6cb8-4d9b-8679-d7924cde08f6,2023,1,11,12,50,5,4,1,0,0,0,37495
0714a783-6cb8-4d9b-8679-d7924cde08f6,2023,1,11,12,50,5,4,1,0,0,0,37495
0714a783-6cb8-4d9b-8679-d7924cde08f6,2023,1,11,12,50,5,4,1,0,0,0,37495
0714a783-6cb8-4d9b-8679-d7924cde08f6,2023,1,31,21,50,26,4,1,0,0,0,49174
0714a783-6cb8-4d9b-8679-d7924cde08f6,2023,5,30,16,50,6,4,1,7,28,7,63594
256ebdd5-38d7-406e-953b-03e53ebc14c4,2023,7,7,8,1,0,4,1,0,0,0,12542
256ebdd5-38d7-406e-953b-03e53ebc14c4,2023,7,17,16,50,5,4,1,0,0,0,67197
0714a783-6cb8-4d9b-8679-d7924cde08f6,2023,1,11,12,50,5,4,1,0,0,0,37495
0714a783-6cb8-4d9b-8679-d7924cde08f6,2023,1,31,15,50,5,4,1,0,0,0,70795
0714a783-6cb8-4d9b-8679-d7924cde08f6,2023,2,15,15,50,8,4,1,0,0,0,70792
0714a783-6cb8-4d9b-8679-d7924cde08f6,2023,5,30,16,50,6,4,1,6,24,6,63594
0714a783-6cb8-4d9b-8679-d7924cde08f6,2023,5,30,16,50,6,4,1,3,12,3,63594
0714a783-6cb8-4d9b-8679-d7924cde08f6,2023,5,31,6,11,32,4,1,0,0,0,15508
0714a783-6cb8-4d9b-8679-d7924cde08f6,2023,5,31,8,2,38,4,1,0,0,0,8842
256ebdd5-38d7-406e-953b-03e53ebc14c4,2023,7,7,16,50,2,4,1,2,8,2,67199
256ebdd5-38d7-406e-953b-03e53ebc14c4,2023,7,18,4,21,1,4,1,0,0,0,25741
0714a783-6cb8-4d9b-8679-d7924cde08f6,2023,1,11,12,50,5,4,1,0,0,0,37495
0714a783-6cb8-4d9b-8679-d7924cde08f6,2023,1,11,12,50,5,4,1,0,0,0,37495
0714a783-6cb8-4d9b-8679-d7924cde08f6,2023,2,15,15,50,8,4,1,0,0,0,70792
0714a783-6cb8-4d9b-8679-d7924cde08f6,2023,3,16,6,23,23,4,1,0,0,0,14797
0714a783-6cb8-4d9b-8679-d7924cde08f6,2023,5,2,6,21,4,4,1,0,0,0,14936
0714a783-6cb8-4d9b-8679-d7924cde08f6,2023,5,2,8,13,9,4,1,0,0,0,8211
0714a783-6cb8-4d9b-8679-d7924cde08f6,2023,5,16,3,12,25,4,1,0,0,0,26255
0714a783-6cb8-4d9b-8679-d7924cde08f6,2023,5,30,16,50,6,4,1,5,20,5,63594
0714a783-6cb8-4d9b-8679-d7924cde08f6,2023,5,30,16,50,6,4,1,2,8,2,63594
256ebdd5-38d7-406e-953b-03e53ebc14c4,2023,7,7,16,50,2,4,1,2,8,2,67199
256ebdd5-38d7-406e-953b-03e53ebc14c4,2023,7,7,16,50,2,4,1,0,0,0,67199
256ebdd5-38d7-406e-953b-03e53ebc14c4,2023,7,7,16,50,2,4,1,0,0,0,67199
256ebdd5-38d7-406e-953b-03e53ebc14c4,2023,7,18,16,50,7,4,1,6,24,6,67194
0714a783-6cb8-4d9b-8679-d7924cde08f6,2023,1,11,12,50,5,4,1,0,0,0,37495
0714a783-6cb8-4d9b-8679-d7924cde08f6,2023,2,15,23,19,53,4,1,0,0,0,43807
0714a783-6cb8-4d9b-8679-d7924cde08f6,2023,2,16,3,29,30,4,1,0,0,0,28830
0714a783-6cb8-4d9b-8679-d7924cde08f6,2023,2,16,3,46,41,4,1,0,0,0,27799
0714a783-6cb8-4d9b-8679-d7924cde08f6,2023,5,2,6,58,45,4,1,0,0,0,12675
0714a783-6cb8-4d9b-8679-d7924cde08f6,2023,5,2,6,59,35,4,1,0,0,0,12625
0714a783-6cb8-4d9b-8679-d7924cde08f6,2023,5,2,7,47,37,4,1,0,0,0,9743
0714a783-6cb8-4d9b-8679-d7924cde08f6,2023,5,2,7,51,7,4,1,0,0,0,9533
0714a783-6cb8-4d9b-8679-d7924cde08f6,2023,5,2,10,11,12,4,1,0,0,0,1128
0714a783-6cb8-4d9b-8679-d7924cde08f6,2023,5,16,3,20,26,4,1,0,0,0,25774
0714a783-6cb8-4d9b-8679-d7924cde08f6,2023,5,16,3,59,7,4,1,0,0,0,23453
0714a783-6cb8-4d9b-8679-d7924cde08f6,2023,5,16,8,16,15,4,1,0,0,0,8025
0714a783-6cb8-4d9b-8679-d7924cde08f6,2023,5,16,9,53,49,4,1,0,0,0,2171
256ebdd5-38d7-406e-953b-03e53ebc14c4,2023,7,7,16,50,2,4,1,2,8,2,67199
256ebdd5-38d7-406e-953b-03e53ebc14c4,2023,7,7,16,50,2,4,1,2,8,2,67199
256ebdd5-38d7-406e-953b-03e53ebc14c4,2023,7,7,12,13,3,4,1,0,0,0,83818
256ebdd5-38d7-406e-953b-03e53ebc14c4,2023,7,7,16,50,2,4,1,1,4,1,67199
256ebdd5-38d7-406e-953b-03e53ebc14c4,2023,7,7,16,50,2,4,1,1,4,1,67199
256ebdd5-38d7-406e-953b-03e53ebc14c4,2023,7,7,12,15,43,4,1,0,0,0,83658
256ebdd5-38d7-406e-953b-03e53ebc14c4,2023,7,7,16,50,2,4,1,0,0,0,67199
256ebdd5-38d7-406e-953b-03e53ebc14c4,2023,7,7,16,50,2,4,1,0,0,0,67199
0714a783-6cb8-4d9b-8679-d7924cde08f6,2023,1,11,12,50,5,4,1,0,0,0,37495
0714a783-6cb8-4d9b-8679-d7924cde08f6,2023,1,11,12,50,5,4,1,0,0,0,37495
0714a783-6cb8-4d9b-8679-d7924cde08f6,2023,3,16,16,50,3,4,1,1,4,1,63597
256ebdd5-38d7-406e-953b-03e53ebc14c4,2023,7,7,16,50,2,4,1,0,0,0,67199
256ebdd5-38d7-406e-953b-03e53ebc14c4,2023,7,7,16,50,2,4,1,0,0,0,67199
256ebdd5-38d7-406e-953b-03e53ebc14c4,2023,7,18,16,50,7,4,1,4,16,4,67194
256ebdd5-38d7-406e-953b-03e53ebc14c4,2023,8,3,16,50,7,4,1,10,40,10,892584
256ebdd5-38d7-406e-953b-03e53ebc14c4,2023,8,3,16,50,7,4,1,7,28,7,892585
256ebdd5-38d7-406e-953b-03e53ebc14c4,2023,8,3,16,50,7,4,1,6,24,6,892585
256ebdd5-38d7-406e-953b-03e53ebc14c4,2023,8,3,16,50,7,4,1,5,20,5,892585
0714a783-6cb8-4d9b-8679-d7924cde08f6,2023,1,11,12,50,5,4,1,0,0,0,37495
0714a783-6cb8-4d9b-8679-d7924cde08f6,2023,2,1,21,19,47,4,1,0,0,0,51013
0714a783-6cb8-4d9b-8679-d7924cde08f6,2023,2,2,2,22,37,4,1,0,0,0,32843
0714a783-6cb8-4d9b-8679-d7924cde08f6,2023,2,16,15,50,4,4,1,0,0,0,70796
0714a783-6cb8-4d9b-8679-d7924cde08f6,2023,2,16,15,50,5,4,1,0,0,0,70795
0714a783-6cb8-4d9b-8679-d7924cde08f6,2023,2,16,15,50,5,4,1,0,0,0,70795
0714a783-6cb8-4d9b-8679-d7924cde08f6,2023,2,16,15,50,5,4,1,0,0,0,70795
0714a783-6cb8-4d9b-8679-d7924cde08f6,2023,2,16,15,50,5,4,1,0,0,0,70795
0714a783-6cb8-4d9b-8679-d7924cde08f6,2023,3,16,16,50,3,4,1,1,4,1,63597
0714a783-6cb8-4d9b-8679-d7924cde08f6,2023,5,16,16,50,8,4,1,0,0,0,63592
0714a783-6cb8-4d9b-8679-d7924cde08f6,2023,5,16,16,50,9,4,1,0,0,0,63591
0714a783-6cb8-4d9b-8679-d7924cde08f6,2023,5,16,16,50,9,4,1,0,0,0,63591
0714a783-6cb8-4d9b-8679-d7924cde08f6,2023,5,16,16,50,9,4,1,0,0,0,63591
0714a783-6cb8-4d9b-8679-d7924cde08f6,2023,5,16,16,50,9,4,1,0,0,0,63591
0714a783-6cb8-4d9b-8679-d7924cde08f6,2023,5,16,16,50,9,4,1,0,0,0,63591
0714a783-6cb8-4d9b-8679-d7924cde08f6,2023,5,16,16,50,9,4,1,0,0,0,63591
0714a783-6cb8-4d9b-8679-d7924cde08f6,2023,5,16,16,50,9,4,1,0,0,0,63591
0714a783-6cb8-4d9b-8679-d7924cde08f6,2023,5,16,16,50,9,4,1,0,0,0,63591
0714a783-6cb8-4d9b-8679-d7924cde08f6,2023,5,16,22,10,0,4,1,0,0,0,44400
256ebdd5-38d7-406e-953b-03e53ebc14c4,2023,6,29,5,14,48,6.5,1,0,0,0,39
256ebdd5-38d7-406e-953b-03e53ebc14c4,2023,7,18,16,50,7,4,1,1,4,1,67194
256ebdd5-38d7-406e-953b-03e53ebc14c4,2023,8,3,16,50,7,4,1,9,36,9,892585
0714a783-6cb8-4d9b-8679-d7924cde08f6,2023,1,11,12,50,5,4,1,0,0,0,37495
0714a783-6cb8-4d9b-8679-d7924cde08f6,2023,2,1,22,13,39,4,1,0,0,0,47781
0714a783-6cb8-4d9b-8679-d7924cde08f6,2023,2,2,4,23,30,4,1,0,0,0,25590
0714a783-6cb8-4d9b-8679-d7924cde08f6,2023,2,16,15,50,5,4,1,0,0,0,70795
0714a783-6cb8-4d9b-8679-d7924cde08f6,2023,2,16,15,50,5,4,1,0,0,0,70795
0714a783-6cb8-4d9b-8679-d7924cde08f6,2023,2,16,15,50,5,4,1,0,0,0,70795
0714a783-6cb8-4d9b-8679-d7924cde08f6,2023,2,16,15,50,5,4,1,0,0,0,70795
0714a783-6cb8-4d9b-8679-d7924cde08f6,2023,2,16,15,50,5,4,1,0,0,0,70795
0714a783-6cb8-4d9b-8679-d7924cde08f6,2023,2,16,15,50,5,4,1,0,0,0,70795
0714a783-6cb8-4d9b-8679-d7924cde08f6,2023,2,16,15,50,5,4,1,0,0,0,70795
0714a783-6cb8-4d9b-8679-d7924cde08f6,2023,2,17,1,7,8,4,1,0,0,0,37372
0714a783-6cb8-4d9b-8679-d7924cde08f6,2023,3,16,16,50,3,4,1,1,4,1,63597
0714a783-6cb8-4d9b-8679-d7924cde08f6,2023,3,16,16,50,3,4,1,1,4,1,63597
0714a783-6cb8-4d9b-8679-d7924cde08f6,2023,3,16,10,38,1,4,1,0,0,0,85919
0714a783-6cb8-4d9b-8679-d7924cde08f6,2023,3,17,3,39,46,4,1,0,0,0,24614
0714a783-6cb8-4d9b-8679-d7924cde08f6,2023,5,16,16,50,9,4,1,0,0,0,63591
256ebdd5-38d7-406e-953b-03e53ebc14c4,2023,7,18,16,50,7,4,1,0,0,0,67194
256ebdd5-38d7-406e-953b-03e53ebc14c4,2023,8,3,16,50,7,4,1,8,32,8,892585
256ebdd5-38d7-406e-953b-03e53ebc14c4,2023,8,4,16,50,2,4,1,4,16,4,806190
256ebdd5-38d7-406e-953b-03e53ebc14c4,2023,8,4,3,38,7,4,1,0,0,0,853705
256ebdd5-38d7-406e-953b-03e53ebc14c4,2023,8,4,16,50,2,4,1,2,8,2,806190
256ebdd5-38d7-406e-953b-03e53ebc14c4,2023,8,4,16,50,2,4,1,1,4,1,806190
256ebdd5-38d7-406e-953b-03e53ebc14c4,2023,8,4,3,56,48,4,1,0,0,0,852584
256ebdd5-38d7-406e-953b-03e53ebc14c4,2023,8,8,16,50,7,4,1,2,8,2,460585
256ebdd5-38d7-406e-953b-03e53ebc14c4,2023,8,9,1,27,33,4,1,0,0,0,429539
0714a783-6cb8-4d9b-8679-d7924cde08f6,2023,1,11,12,50,5,4,1,0,0,0,37495
0714a783-6cb8-4d9b-8679-d7924cde08f6,2023,2,17,15,50,4,4,1,0,0,0,70796
0714a783-6cb8-4d9b-8679-d7924cde08f6,2023,3,17,16,50,6,4,1,0,0,0,63595
256ebdd5-38d7-406e-953b-03e53ebc14c4,2023,7,10,0,51,26,4,1,0,0,0,38315
256ebdd5-38d7-406e-953b-03e53ebc14c4,2023,7,18,16,50,7,4,1,9,36,9,67194
256ebdd5-38d7-406e-953b-03e53ebc14c4,2023,8,3,16,50,7,4,1,4,16,4,892585
256ebdd5-38d7-406e-953b-03e53ebc14c4,2023,8,3,16,50,7,4,1,3,12,3,892585
256ebdd5-38d7-406e-953b-03e53ebc14c4,2023,8,3,16,50,7,4,1,2,8,2,892585
256ebdd5-38d7-406e-953b-03e53ebc14c4,2023,8,3,16,50,7,4,1,1,4,1,892585
256ebdd5-38d7-406e-953b-03e53ebc14c4,2023,8,3,15,22,44,4,1,0,0,0,897828
256ebdd5-38d7-406e-953b-03e53ebc14c4,2023,8,4,16,50,2,4,1,5,20,5,806190
256ebdd5-38d7-406e-953b-03e53ebc14c4,2023,8,8,16,50,7,4,1,1,4,1,460585
256ebdd5-38d7-406e-953b-03e53ebc14c4,2023,8,8,11,55,57,4,1,0,0,0,478235
256ebdd5-38d7-406e-953b-03e53ebc14c4,2023,8,9,16,50,3,4,1,2,8,2,374189
256ebdd5-38d7-406e-953b-03e53ebc14c4,2023,8,9,16,50,3,4,1,1,4,1,374189
0714a783-6cb8-4d9b-8679-d7924cde08f6,2023,1,11,12,50,5,4,1,0,0,0,37495
0714a783-6cb8-4d9b-8679-d7924cde08f6,2023,2,2,15,50,9,4,1,1,4,1,70791
0714a783-6cb8-4d9b-8679-d7924cde08f6,2023,2,2,15,50,9,4,1,1,4,1,70791
0714a783-6cb8-4d9b-8679-d7924cde08f6,2023,2,2,13,50,5,4,1,0,0,0,77995
0714a783-6cb8-4d9b-8679-d7924cde08f6,2023,2,17,15,50,4,4,1,0,0,0,70796
0714a783-6cb8-4d9b-8679-d7924cde08f6,2023,3,17,16,50,6,4,1,0,0,0,63595
0714a783-6cb8-4d9b-8679-d7924cde08f6,2023,5,17,16,50,1,4,1,1,4,1,365883
0714a783-6cb8-4d9b-8679-d7924cde08f6,2023,1,11,12,50,5,4,1,0,0,0,37495
0714a783-6cb8-4d9b-8679-d7924cde08f6,2023,2,2,15,50,9,4,1,1,4,1,70791
0714a783-6cb8-4d9b-8679-d7924cde08f6,2023,5,2,16,50,9,4,1,2,8,2,63592
0714a783-6cb8-4d9b-8679-d7924cde08f6,2023,5,2,16,50,9,4,1,1,4,1,63592
0714a783-6cb8-4d9b-8679-d7924cde08f6,2023,5,2,16,50,9,4,1,1,4,1,63592
0714a783-6cb8-4d9b-8679-d7924cde08f6,2023,5,2,16,50,9,4,1,1,4,1,63592
0714a783-6cb8-4d9b-8679-d7924cde08f6,2023,5,2,16,50,9,4,1,1,4,1,63592
0714a783-6cb8-4d9b-8679-d7924cde08f6,2023,5,2,16,50,9,4,1,1,4,1,63592
0714a783-6cb8-4d9b-8679-d7924cde08f6,2023,5,2,16,50,9,4,1,1,4,1,63592
0714a783-6cb8-4d9b-8679-d7924cde08f6,2023,5,17,16,50,1,4,1,0,0,0,365883
0714a783-6cb8-4d9b-8679-d7924cde08f6,2023,5,21,22,28,4,4,1,1,4,1,0
256ebdd5-38d7-406e-953b-03e53ebc14c4,2023,7,10,0,36,5,4,1,0,0,0,39236
256ebdd5-38d7-406e-953b-03e53ebc14c4,2023,7,18,16,50,7,4,1,7,28,7,67194
256ebdd5-38d7-406e-953b-03e53ebc14c4,2023,7,18,16,50,7,4,1,5,20,5,67194
0714a783-6cb8-4d9b-8679-d7924cde08f6,2023,1,11,12,50,5,4,1,0,0,0,37495
0714a783-6cb8-4d9b-8679-d7924cde08f6,2023,1,11,12,50,5,4,1,0,0,0,37495
0714a783-6cb8-4d9b-8679-d7924cde08f6,2023,2,2,15,50,9,4,1,0,0,0,70791
0714a783-6cb8-4d9b-8679-d7924cde08f6,2023,2,2,15,50,9,4,1,0,0,0,70791
0714a783-6cb8-4d9b-8679-d7924cde08f6,2023,5,2,16,50,9,4,1,2,8,2,63592
0714a783-6cb8-4d9b-8679-d7924cde08f6,2023,5,2,16,50,9,4,1,2,8,2,63592
0714a783-6cb8-4d9b-8679-d7924cde08f6,2023,5,2,16,50,9,4,1,2,8,2,63592
0714a783-6cb8-4d9b-8679-d7924cde08f6,2023,5,2,16,50,9,4,1,2,8,2,63592
0714a783-6cb8-4d9b-8679-d7924cde08f6,2023,5,2,16,50,9,4,1,2,8,2,63592
0714a783-6cb8-4d9b-8679-d7924cde08f6,2023,5,2,16,50,9,4,1,2,8,2,63592
0714a783-6cb8-4d9b-8679-d7924cde08f6,2023,5,2,16,50,9,4,1,2,8,2,63592
0714a783-6cb8-4d9b-8679-d7924cde08f6,2023,5,2,10,50,7,4,1,0,0,0,85194
0714a783-6cb8-4d9b-8679-d7924cde08f6,2023,1,11,12,50,5,4,1,0,0,0,37495
0714a783-6cb8-4d9b-8679-d7924cde08f6,2023,2,2,15,50,9,4,1,0,0,0,70792
0714a783-6cb8-4d9b-8679-d7924cde08f6,2023,2,2,15,50,9,4,1,0,0,0,70792
0714a783-6cb8-4d9b-8679-d7924cde08f6,2023,2,2,15,50,9,4,1,0,0,0,70792
0714a783-6cb8-4d9b-8679-d7924cde08f6,2023,2,2,23,5,52,4,1,0,0,0,44649
0714a783-6cb8-4d9b-8679-d7924cde08f6,2023,2,3,5,18,43,4,1,0,0,0,22278
0714a783-6cb8-4d9b-8679-d7924cde08f6,2023,5,2,16,50,9,4,1,1,4,1,63592
0714a783-6cb8-4d9b-8679-d7924cde08f6,2023,5,2,16,50,9,4,1,1,4,1,63592
0714a783-6cb8-4d9b-8679-d7924cde08f6,2023,5,2,16,50,9,4,1,1,4,1,63592
0714a783-6cb8-4d9b-8679-d7924cde08f6,2023,2,3,15,50,9,4,1,2,8,2,70791
0714a783-6cb8-4d9b-8679-d7924cde08f6,2023,5,2,16,50,9,4,1,1,4,1,63592
0714a783-6cb8-4d9b-8679-d7924cde08f6,2023,5,2,16,50,9,4,1,1,4,1,63592
0714a783-6cb8-4d9b-8679-d7924cde08f6,2023,5,2,12,56,42,4,1,0,0,0,77599
0714a783-6cb8-4d9b-8679-d7924cde08f6,2023,5,3,6,10,27,4,1,3,12,3,15574
0714a783-6cb8-4d9b-8679-d7924cde08f6,2023,5,3,0,52,26,4,1,0,0,0,34655
0714a783-6cb8-4d9b-8679-d7924cde08f6,2023,5,3,1,6,26,4,1,0,0,0,33815
0714a783-6cb8-4d9b-8679-d7924cde08f6,2023,5,3,2,32,9,4,1,0,0,0,28672
0714a783-6cb8-4d9b-8679-d7924cde08f6,2023,5,21,22,28,4,4,1,1,4,1,0
0714a783-6cb8-4d9b-8679-d7924cde08f6,2023,5,18,4,10,6,4,1,0,0,0,325078
256ebdd5-38d7-406e-953b-03e53ebc14c4,2023,7,18,16,50,7,4,1,2,8,2,67194
0714a783-6cb8-4d9b-8679-d7924cde08f6,2023,1,20,15,50,5,4,1,1,6.5,1,37495
0714a783-6cb8-4d9b-8679-d7924cde08f6,2023,2,3,15,50,9,4,1,2,8,2,70791
0714a783-6cb8-4d9b-8679-d7924cde08f6,2023,2,3,15,50,9,4,1,2,8,2,70791
0714a783-6cb8-4d9b-8679-d7924cde08f6,2023,4,4,23,20,16,4,1,0,0,0,40184
256ebdd5-38d7-406e-953b-03e53ebc14c4,2023,6,29,16,50,6,4,1,22,88,22,63596
256ebdd5-38d7-406e-953b-03e53ebc14c4,2023,6,29,16,50,6,4,1,12,48,12,63596
256ebdd5-38d7-406e-953b-03e53ebc14c4,2023,7,18,16,50,7,4,1,3,12,3,67194
256ebdd5-38d7-406e-953b-03e53ebc14c4,2023,8,14,16,50,2,4,1,2,8,2,67199
0714a783-6cb8-4d9b-8679-d7924cde08f6,2023,1,20,15,50,5,4,1,0,0,0,37495
0714a783-6cb8-4d9b-8679-d7924cde08f6,2023,2,3,13,50,5,4,1,0,0,0,77995
0714a783-6cb8-4d9b-8679-d7924cde08f6,2023,4,5,0,59,19,4,1,0,0,0,34241
0714a783-6cb8-4d9b-8679-d7924cde08f6,2023,5,3,16,50,6,4,1,0,0,0,63594
0714a783-6cb8-4d9b-8679-d7924cde08f6,2023,5,3,16,50,6,4,1,0,0,0,63594
0714a783-6cb8-4d9b-8679-d7924cde08f6,2023,5,3,16,50,6,4,1,0,0,0,63594
0714a783-6cb8-4d9b-8679-d7924cde08f6,2023,5,3,16,50,6,4,1,0,0,0,63594
256ebdd5-38d7-406e-953b-03e53ebc14c4,2023,6,29,13,9,19,4,1,0,0,0,76843
256ebdd5-38d7-406e-953b-03e53ebc14c4,2023,6,29,16,50,6,4,1,2,8,2,63596
256ebdd5-38d7-406e-953b-03e53ebc14c4,2023,6,29,13,50,51,4,1,1,4,1,74351
256ebdd5-38d7-406e-953b-03e53ebc14c4,2023,7,10,16,50,0,4,1,0,0,0,67202
256ebdd5-38d7-406e-953b-03e53ebc14c4,2023,7,10,16,50,0,4,1,0,0,0,67202
256ebdd5-38d7-406e-953b-03e53ebc14c4,2023,7,10,16,50,0,4,1,0,0,0,67202
256ebdd5-38d7-406e-953b-03e53ebc14c4,2023,7,11,0,14,24,4,1,0,0,0,40538
256ebdd5-38d7-406e-953b-03e53ebc14c4,2023,7,18,16,50,7,4,1,8,32,8,67194
256ebdd5-38d7-406e-953b-03e53ebc14c4,2023,8,14,16,50,2,4,1,2,8,2,67199
256ebdd5-38d7-406e-953b-03e53ebc14c4,2023,8,14,1,51,2,4,1,0,0,0,121139
0714a783-6cb8-4d9b-8679-d7924cde08f6,2023,1,20,15,50,5,4,1,0,0,0,37495
0714a783-6cb8-4d9b-8679-d7924cde08f6,2023,1,20,2,38,14,6.5,1,0,0,0,85006
0714a783-6cb8-4d9b-8679-d7924cde08f6,2023,2,3,13,50,5,4,1,0,0,0,77995
0714a783-6cb8-4d9b-8679-d7924cde08f6,2023,4,5,16,50,2,4,1,0,0,0,63598
0714a783-6cb8-4d9b-8679-d7924cde08f6,2023,5,3,16,50,6,4,1,0,0,0,63594
0714a783-6cb8-4d9b-8679-d7924cde08f6,2023,5,22,16,50,0,4,1,1,4,1,63600
256ebdd5-38d7-406e-953b-03e53ebc14c4,2023,6,29,16,50,6,4,1,13,52,13,63596
256ebdd5-38d7-406e-953b-03e53ebc14c4,2023,6,29,16,50,6,4,1,11,44,11,63596
256ebdd5-38d7-406e-953b-03e53ebc14c4,2023,6,29,16,50,6,4,1,20,80,20,63596
256ebdd5-38d7-406e-953b-03e53ebc14c4,2023,7,10,16,50,0,4,1,0,0,0,67202
256ebdd5-38d7-406e-953b-03e53ebc14c4,2023,7,11,0,33,15,4,1,0,0,0,39407
256ebdd5-38d7-406e-953b-03e53ebc14c4,2023,8,14,1,42,22,4,1,0,0,0,121659
256ebdd5-38d7-406e-953b-03e53ebc14c4,2023,8,14,16,50,2,4,1,1,4,1,67199
256ebdd5-38d7-406e-953b-03e53ebc14c4,2023,8,14,16,50,2,4,1,1,4,1,67199
0714a783-6cb8-4d9b-8679-d7924cde08f6,2023,4,5,16,50,2,4,1,2,8,2,63598
0714a783-6cb8-4d9b-8679-d7924cde08f6,2023,5,3,16,50,6,4,1,0,0,0,63594
0714a783-6cb8-4d9b-8679-d7924cde08f6,2023,5,22,16,50,0,4,1,1,4,1,63600
0714a783-6cb8-4d9b-8679-d7924cde08f6,2023,5,22,16,50,0,4,1,1,4,1,63600
0714a783-6cb8-4d9b-8679-d7924cde08f6,2023,5,22,16,50,0,4,1,1,4,1,63600
0714a783-6cb8-4d9b-8679-d7924cde08f6,2023,5,22,16,50,0,4,1,1,4,1,63600
0714a783-6cb8-4d9b-8679-d7924cde08f6,2023,5,22,16,50,0,4,1,1,4,1,63600
0714a783-6cb8-4d9b-8679-d7924cde08f6,2023,5,22,17,0,0,4,1,3,12,3,63000
0714a783-6cb8-4d9b-8679-d7924cde08f6,2023,5,22,17,0,0,4,1,3,12,3,63000
0714a783-6cb8-4d9b-8679-d7924cde08f6,2023,5,22,17,0,0,4,1,3,12,3,63000
0714a783-6cb8-4d9b-8679-d7924cde08f6,2023,5,22,17,0,0,4,1,3,12,3,63000
0714a783-6cb8-4d9b-8679-d7924cde08f6,2023,5,22,17,0,0,4,1,3,12,3,63000
0714a783-6cb8-4d9b-8679-d7924cde08f6,2023,5,22,16,50,0,4,1,1,4,1,63600
0714a783-6cb8-4d9b-8679-d7924cde08f6,2023,5,22,16,50,0,4,1,1,4,1,63600
0714a783-6cb8-4d9b-8679-d7924cde08f6,2023,5,23,4,6,48,4,1,0,0,0,22992
0714a783-6cb8-4d9b-8679-d7924cde08f6,2023,5,22,16,9,48,4,1,0,0,0,66012
256ebdd5-38d7-406e-953b-03e53ebc14c4,2023,6,29,13,42,50,4,1,1,4,1,74832
256ebdd5-38d7-406e-953b-03e53ebc14c4,2023,6,30,3,15,24,4,1,0,0,0,26078
256ebdd5-38d7-406e-953b-03e53ebc14c4,2023,6,30,10,30,2,6.5,1,26,104,26,0
0714a783-6cb8-4d9b-8679-d7924cde08f6,2023,4,5,16,50,2,4,1,3,12,3,63598
0714a783-6cb8-4d9b-8679-d7924cde08f6,2023,5,3,16,50,6,4,1,0,0,0,63594
0714a783-6cb8-4d9b-8679-d7924cde08f6,2023,5,3,16,50,6,4,1,0,0,0,63594
0714a783-6cb8-4d9b-8679-d7924cde08f6,2023,5,4,0,11,50,4,1,0,0,0,37090
0714a783-6cb8-4d9b-8679-d7924cde08f6,2023,5,23,16,50,5,4,1,0,0,0,63595
256ebdd5-38d7-406e-953b-03e53ebc14c4,2023,6,29,16,50,6,4,1,9,36,9,63596
256ebdd5-38d7-406e-953b-03e53ebc14c4,2023,6,29,16,50,6,4,1,16,64,16,63596
256ebdd5-38d7-406e-953b-03e53ebc14c4,2023,8,17,0,11,52,4.5,1,0,0,0,0
0714a783-6cb8-4d9b-8679-d7924cde08f6,2023,2,6,0,14,25,4,1,0,0,0,40535
0714a783-6cb8-4d9b-8679-d7924cde08f6,2023,4,5,16,50,2,4,1,1,4,1,63598
0714a783-6cb8-4d9b-8679-d7924cde08f6,2023,5,4,16,50,5,4,1,0,0,0,63595
0714a783-6cb8-4d9b-8679-d7924cde08f6,2023,5,23,16,50,5,4,1,0,0,0,63595
256ebdd5-38d7-406e-953b-03e53ebc14c4,2023,6,29,13,53,51,4,1,1,4,1,74171
256ebdd5-38d7-406e-953b-03e53ebc14c4,2023,6,29,16,50,6,4,1,7,28,7,63596
256ebdd5-38d7-406e-953b-03e53ebc14c4,2023,7,20,16,50,7,4,1,7,28,7,365180
256ebdd5-38d7-406e-953b-03e53ebc14c4,2023,7,20,16,50,7,4,1,1,4,1,365180
256ebdd5-38d7-406e-953b-03e53ebc14c4,2023,7,20,5,4,25,4,1,0,0,0,407522
256ebdd5-38d7-406e-953b-03e53ebc14c4,2023,7,22,16,50,7,4,1,0,0,0,192380
256ebdd5-38d7-406e-953b-03e53ebc14c4,2023,7,24,16,50,6,4,1,17,68,17,19581
256ebdd5-38d7-406e-953b-03e53ebc14c4,2023,7,24,16,50,6,4,1,15,60,15,19581
256ebdd5-38d7-406e-953b-03e53ebc14c4,2023,7,24,16,50,6,4,1,14,56,14,19581
256ebdd5-38d7-406e-953b-03e53ebc14c4,2023,7,24,16,50,6,4,1,13,52,13,19581
256ebdd5-38d7-406e-953b-03e53ebc14c4,2023,7,23,23,54,48,4,1,0,0,0,80499
256ebdd5-38d7-406e-953b-03e53ebc14c4,2023,7,24,16,50,6,4,1,11,44,11,19581
256ebdd5-38d7-406e-953b-03e53ebc14c4,2023,7,24,16,50,6,4,1,10,40,10,19581
256ebdd5-38d7-406e-953b-03e53ebc14c4,2023,7,24,0,4,8,4,1,0,0,0,79939
256ebdd5-38d7-406e-953b-03e53ebc14c4,2023,7,24,16,50,6,4,1,8,32,8,19581
256ebdd5-38d7-406e-953b-03e53ebc14c4,2023,7,24,16,50,6,4,1,7,28,7,19581
256ebdd5-38d7-406e-953b-03e53ebc14c4,2023,7,24,5,6,29,4,1,0,0,0,61798
256ebdd5-38d7-406e-953b-03e53ebc14c4,2023,7,24,16,50,6,4,1,5,20,5,19581
256ebdd5-38d7-406e-953b-03e53ebc14c4,2023,7,24,16,50,6,4,1,4,16,4,19581
256ebdd5-38d7-406e-953b-03e53ebc14c4,2023,7,24,5,14,59,4,1,0,0,0,61288
256ebdd5-38d7-406e-953b-03e53ebc14c4,2023,7,24,16,50,6,4,1,2,8,2,19581
256ebdd5-38d7-406e-953b-03e53ebc14c4,2023,7,24,16,50,6,4,1,1,4,1,19581
256ebdd5-38d7-406e-953b-03e53ebc14c4,2023,7,24,6,1,52,4,1,0,0,0,58475
0714a783-6cb8-4d9b-8679-d7924cde08f6,2023,1,23,15,50,1,4,1,0,0,0,37499
0714a783-6cb8-4d9b-8679-d7924cde08f6,2023,1,23,15,50,1,4,1,0,0,0,37500
0714a783-6cb8-4d9b-8679-d7924cde08f6,2023,1,23,15,50,1,4,1,0,0,0,37500
0714a783-6cb8-4d9b-8679-d7924cde08f6,2023,1,23,15,50,1,4,1,0,0,0,37500
0714a783-6cb8-4d9b-8679-d7924cde08f6,2023,2,6,0,8,54,4,1,0,0,0,40866
0714a783-6cb8-4d9b-8679-d7924cde08f6,2023,2,6,0,16,35,4,1,0,0,0,40405
0714a783-6cb8-4d9b-8679-d7924cde08f6,2023,5,4,16,50,5,4,1,0,0,0,63595
256ebdd5-38d7-406e-953b-03e53ebc14c4,2023,6,29,16,50,6,4,1,19,76,19,63596
256ebdd5-38d7-406e-953b-03e53ebc14c4,2023,6,29,16,50,6,4,1,8,32,8,63596
256ebdd5-38d7-406e-953b-03e53ebc14c4,2023,6,29,14,1,1,4,1,1,4,1,73741
256ebdd5-38d7-406e-953b-03e53ebc14c4,2023,7,11,16,50,9,4,1,0,0,0,67193
256ebdd5-38d7-406e-953b-03e53ebc14c4,2023,6,29,8,7,49,4,1,0,0,0,94933
256ebdd5-38d7-406e-953b-03e53ebc14c4,2023,6,30,3,25,35,4,1,0,0,0,25467
256ebdd5-38d7-406e-953b-03e53ebc14c4,2023,6,29,16,50,6,4,1,0,0,0,63596
256ebdd5-38d7-406e-953b-03e53ebc14c4,2023,7,11,16,50,9,4,1,0,0,0,67193
256ebdd5-38d7-406e-953b-03e53ebc14c4,2023,7,11,16,50,9,4,1,0,0,0,67193
256ebdd5-38d7-406e-953b-03e53ebc14c4,2023,7,20,16,50,7,4,1,4,16,4,365180
256ebdd5-38d7-406e-953b-03e53ebc14c4,2023,8,23,1,6,6,4,1,0,0,0,37435
0714a783-6cb8-4d9b-8679-d7924cde08f6,2023,2,6,15,50,10,4,1,4,16,4,59819
256ebdd5-38d7-406e-953b-03e53ebc14c4,2023,6,29,16,50,6,4,1,15,60,15,63596
256ebdd5-38d7-406e-953b-03e53ebc14c4,2023,6,29,16,50,6,4,1,23,92,23,63596
256ebdd5-38d7-406e-953b-03e53ebc14c4,2023,6,29,16,50,6,4,1,17,68,17,63596
256ebdd5-38d7-406e-953b-03e53ebc14c4,2023,7,12,8,54,9,4,1,0,0,0,9353
256ebdd5-38d7-406e-953b-03e53ebc14c4,2023,7,12,9,2,30,4,1,0,0,0,8852
256ebdd5-38d7-406e-953b-03e53ebc14c4,2023,7,12,9,18,10,4,1,0,0,0,7912
256ebdd5-38d7-406e-953b-03e53ebc14c4,2023,7,20,16,50,7,4,1,6,24,6,365180
0714a783-6cb8-4d9b-8679-d7924cde08f6,2023,1,6,12,50,7,4,1,0,0,0,37493
